name,lon,lat
LA HALLE CHAUSSURES ET MAROQUINERIE RESERVE ABIDJAN,5.359952,-4.008256
CALAIS MIXTE,3.608247,49.3867185
LA HALLE LILLE - LOMME,50.72581560000001,2.9348067266666664
LA HALLE AIRE-SUR-LA-LYS,50.7352912,2.0440405333333334
LA HALLE GHISONACCIA,41.79845035,9.074035649833334
LA HALLE HENDAYE,43.348605,-1.771945
LA HALLE AUX CHAUSSURES ST JEAN DE LUZ,43.406217,-1.616355
LA HALLE ANGLET - BAYONNE,43.4838,-1.5058150000000001
LA HALLE AUX CHAUSSURES BAYONNE,43.49839,-1.44775
LA HALLE AUX CHAUSSURES OLORON SAINTE MARIE,43.18123,-0.61735
LA HALLE AUX CHAUSSURES ORTHEZ INTERMARCHE,43.48206,-0.74714
LA HALLE PAU - LESCAR,43.321205,-0.43039
LA HALLE AUX CHAUSSURES PAU CV,43.296856,-0.366884
LA HALLE LONS,43.32927,-0.38336
LA HALLE AUX CHAUSSURES PAU OUSSE,43.28918,-0.27017
LA HALLE AUX CHAUSSURES LORIENT CARREFOUR,47.75957,-3.3923
La HALLE LORIENT 2 LANESTER,47.77672,-3.34061
LA HALLE AURAY,47.662865,-3.005605
MARENNES D'OLERON,45.826755,-1.093455
LA HALLE AUX CHAUSSURES ROYAN VAUX SUR MER,45.64796,-1.05024
LA HALLE ROYAN,45.632835,-0.9849650000000001
LA HALLE ROCHEFORT,45.953325,-0.980395
LA HALLE AUX CHAUSSURES ANGOULINS,46.10742,-1.09897
LA HALLE SAINTES,45.74769,-0.67501
LA HALLE AUX CHAUSSURES SAINTES COTEAUX,45.74964,-0.67395
La HALLE LA ROCHELLE 2,46.17638333333334,-1.1114866666666667
LA HALLE SURGERES,46.11079,-0.73851
LA HALLE AUX CHAUSSURES ST JEAN D'ANGELY,45.95361,-0.53042
LA HALLE JONZAC,45.442183995,-0.441829
LA HALLE COGNAC - CHÃTEAUBERNARD,45.681349999999995,-0.30921
LA HALLE AUX CHAUSSURES JARNAC,45.68644,-0.16837
LA HALLE AUX ENFANTS NIORT,46.33566,-0.4083433333333333
LA HALLE AUX CHAUSSURES BORDEAUX ST ANDRE CUBZAC,45.01415,-0.42682
LA HALLE AUX CHAUSSURES AZAY LE BRULE,46.40349,-0.2293
LA HALLE COUTRAS,45.051215,-0.11325
LA HALLE BREST,48.407317500000005,-4.5000025
LA HALLE MORLAIX,48.573642500000005,-3.8584915
LA HALLE AUX CHAUSSURES ST RENAN,48.42721,-4.61372
LA HALLE QUIMPER,48.014920000000004,-4.085694999999999
LA HALLE LANNION,48.7505,-3.4589
LA HALLE AUX CHAUSSURES LANNION,48.791874,-3.446925
LA HALLE AUX CHAUSSURES CONCARNEAU,47.88682,-3.91227
LA HALLE SAINT-AGATHON,48.5601275,-3.131122
LA HALLE AUX CHAUSSURES QUIMPERLE,47.86848,-3.57275
LA HALLE AUX CHAUSSURES PAIMPOL,48.77296,-3.039802
LA HALLE PONTIVY,48.053121000000004,-2.959476
LA HALLE AUX CHAUSSURES Cherbourg octeville,49.63333624,-1.60064709
LA HALLE AUX CHAUSSURES CHERBOURG,49.60269612,-1.60391429
LA HALLE AUX CHAUSSURES CARENTAN,49.30389696,-1.25034205
LA HALLE AUX CHAUSSURES BAYEUX,49.28495163,-0.6963354
LA HALLE AUX CHAUSSURES FOIX,42.95031,1.62504
LA HALLE SAINT-LIZIER,43.005695,1.127885
LA HALLE AUX CHAUSSURES PAMIERS,43.098595,1.624755
LA HALLE LAVELANET,42.923869999999994,1.83813
LA HALLE SAINT-GAUDENS - LANDORTHE,43.1170155,0.77965875
LA HALLE AUX CHAUSSURES CASTELNAUDARY,43.30983,1.97172
LA HALLE LIMOUX,43.07207,2.22274
LA HALLE AUX CHAUSSURES TOULOUSE PORTET HOM/ENF,43.53212,1.39834
LA HALLE AUX CHAUSSURES TOULOUSE LABEGE,43.55217,1.50354
LA HALLE TOULOUSE - SAINT-ORENS-DE-GAMEVILLE,43.564985,1.520955
LA HALLE CARCASSONNE,43.203575,2.3116
LA HALLE CAPVERN,43.10258,0.38668
LA HALLE AUX CHAUSSURES PRADES,42.61301,2.41103
LA HALLE ET LA HALLE AUX ENFANTS CASTRES,43.592995,2.2135100000000003
LA HALLE ILLE/TET,42.676915,2.634585
LA HALLE IBOS - TARBES,43.241145,0.017585
LA HALLE COGOLIN,43.2542945,6.5473175
LA HALLE AUX CHAUSSURES STE MAXIME,43.32641,6.61709
LA HALLE FRÃJUS,43.436608,6.723959499999999
LA HALLE CHAUSSURES & MAROQUINERIE CANNES BOCCA,43.550304,6.9574867
LA HALLE AUX CHAUSSURES CANNES,43.554968,6.954504
LA HALLE HYÃRES,43.1177025,6.131773
LA HALLE AUX CHAUSSURES CANNET DES MAURES,43.39506,6.33267
LA HALLE AUX ENFANTS TRANS-EN-PROVENCE - DRAGUIGNAN,43.507540000000006,6.479476000000001
LA HALLE CHAUSSURES ET MAROQUINERIE TOULON LA GARDE,43.13938,6.019117
LA HALLE LA VALETTE-DU-VAR - TOULON,43.137498,6.00566
LA HALLE OLLIOULES,43.124822,5.881795
LA HALLE BRIGNOLES,43.4093565,6.049220999999999
LA HALLE NICE LINGOSTIERE,43.72293750000001,7.18872475
LA HALLE AUX CHAUSSURES ANTIBES,43.71035,7.19076
LA HALLE AUX CHAUSSURES NICE NOTRE DAME,43.703677,7.266775
LA HALLE DIGNE-LES-BAINS,44.0762255,6.1890795
LA HALLE AUX CHAUSSURES NICE 3000,43.66099,7.19394
LA HALLE BRIANÃON,44.889399,6.629497000000001
LA HALLE AUX CHAUSSURES NICE VILLENEUVE LOUBET ADULTE,43.63538566666667,7.133747
LA HALLE GRASSE,43.6322995,6.958379000000001
LA HALLE AUX CHAUSSURES VALLAURIS,43.60138,7.06294
LA HALLE AUX ENFANTS GAP,44.567986999999995,6.102279333333333
LA HALLE FAYENCE,43.6034305,6.7735805
LA HALLE AUX CHAUSSURES SISTERON,44.13823,5.96656
LA HALLE MANOSQUE,43.81755,5.7987785
LA HALLE AUX VETEMENTS LA MURE,44.9643675,5.856489
LA HALLE AUX CHAUSSURES CORSE FURIANI,42.65532,9.44102
LA HALLE CORBARA,42.610924999999995,8.89114
LA HALLE THIONVILLE,49.3593869,6.1371238
LA HALLE AUX CHAUSSURES THIONVILLE,49.3478274,6.1307917
LA HALLE AUX CHAUSSURES METZ MONDELANGE,49.26039,6.17232
LA HALLE AUX CHAUSSURES LONGWY AUCHAN,49.546744,5.808703
LA HALLE AUX CHAUSSURES LONGWY INTERMARCHE,49.515573,5.752081
LA HALLE BRIEY,49.25515,5.9469
LA HALLE CHAUSSURES & MAROQUINERIE DE MONT MARSAN,43.8818198,-0.5192546
MONT DE MARSAN,43.8818198,-0.5192546
LA HALLE SAINT-PAUL-LÃS-DAX,43.73075,-1.03942
LA HALLE AIRE-SUR-L'ADOUR,43.73404,-0.266575
LA HALLE PESSAC,44.782975,-0.63771
LA HALLE AUX CHAUSSURES BEGLES ATAC,44.7921405,-0.552046
LA HALLE AUX CHAUSSURES BIGANOS,44.63802,-0.95848
LA HALLE BORDEAUX - MÃRIGNAC,44.831154999999995,-0.6678299999999999
LA HALLE AUX CHAUSSURES BORDEAUX BOULIAC,44.81498,-0.52648
LA HALLE SAINT-MÃDARD-EN-JALLES,44.88314,-0.691655
LA HALLE CHAUSSURES ET MAROQUINERIE BORDEAUX LAC,44.8583555,-0.570597
LA HALLE GUJAN-MESTRAS,44.61591,-1.07511
LA HALLE VETEMENTS - CHAUSSURES CREON,44.774333999999996,-0.340533
LA HALLE SAINTE-EULALIE,44.90812666666667,-0.4868966666666667
LA HALLE AUX CHAUSSURES Le Pian en Medoc,44.95697,-0.6297
LA HALLE LANGON,44.544735,-0.24213
LA HALLE BISCAROSSE,44.41104,-1.16704
LA HALLE AUX CHAUSSURES LIBOURNE,44.90422,-0.22392
LA HALLE CHALLANS,46.852255,-1.890235
LA HALLE AUX CHAUSSURES LA GUERINIERE,46.97458,-2.24231
LA HALLE AUX CHAUSSURES CHÃTEAU D'OLONNE,46.48774,-1.74946
LA HALLE AUX CHAUSSURES LA ROCHE SUR YON CARREFOUR,46.657405499999996,-1.4307509999999999
La HALLE TRIGNAC,47.300415,-2.2115
LA HALLE REDON,47.67381,-2.0661
LA HALLE AUX CHAUSSURES GUERANDE,47.32721,-2.41447
LA HALLE AUX CHAUSSURES PORNIC,47.12689,-2.12327
LA HALLE AUX CHAUSSURES NANTES ST HERBLAIN,47.236755,-1.619795
LA HALLE NANTES - REZÃ,47.19498,-1.57328
LA HALLE AUX CHAUSSURES NANTES LA BOTTIERE,47.237584,-1.524431
LA HALLE SAINT-SÃBASTIEN-SUR-LOIRE,47.1935,-1.4916049999999998
LA HALLE VANNES,47.66206,-2.7858466666666666
LA HALLE AUX CHAUSSURES NANTES BASSE GOULAINE,47.1874,-1.4715
LA HALLE BRESSUIRE,46.8341,-0.48325
LA HALLE AUX CHAUSSURES LES HERBIERS,46.87923,-1.01951
LA HALLE VETEMENTS - CHAUSSURES CHANTONNAY,46.680949,-1.049323
LA HALLE AUX CHAUSSURES FONTENAY LE COMTE,46.456950000000006,-0.814435
LA HALLE CHOLET,47.074735000000004,-0.84624
LA HALLE AUX CHAUSSURES PARTHENAY,46.64821,-0.2278
LA HALLE AUX CHAUSSURES LUCON,46.45999,-1.14656
LA HALLE AUX CHAUSSURES ANGERS ROSERAIE,47.46212566666667,-0.5675626666666667
LA HALLE AUX CHAUSSURES ANGERS ST BARTHELEMY,47.46863,-0.51898
LA HALLE STE GEMMES,47.68999,-0.89317
LA HALLE AUX CHAUSSURES ST GEREON,47.37255,-1.19078
LA HALLE AUX CHAUSSURES SAUMUR INTER,47.27768,-0.0623
LA HALLE AUX CHAUSSURES LA FLECHE,47.70484125,-0.05134077
LA HALLE AUX CHAUSSURES CHATEAUBRIANT LECLERC,47.70516,-1.39298
LA HALLE RENNES - PACÃ,48.13928,-1.76935
LA HALLE AUX CHAUSSURES RENNES VEZIN COQUET,48.105714,-1.741393
LA HALLE RENNES - SAINT-GRÃGOIRE,48.137398899999994,-1.68684065
LA HALLE DINAN - QUÃVERT,48.4481555,-2.075287
LA HALLE AUX CHAUSSURES RENNES CHANTEPIE,48.084765000000004,-1.627205
LA HALLE AUX CHAUSSURES RENNES CESSON,48.111172,-1.59045
LA HALLE LAMBALLE,48.4620245,-2.515829
LA HALLE LOUDEAC,48.190075,-2.761335
LA HALLE LANGUEUX,48.497138,-2.725606
LA HALLE AUX CHAUSSURES ST MALO,48.62492,-1.98737
LA HALLE PLEURTUIT,48.596914999999996,-2.059723
LA HALLE AUX CHAUSSURES PLANCOET,48.52611,-2.24138
LA HALLE YQUELON - GRANVILLE,48.838197715,-1.55870446
LA HALLE AUX CHAUSSURES COUTANCES,49.06871378,-1.43001463
LA HALLE SAINT-BRIEUC - PLÃRIN,48.533194,-2.762722
LA HALLE LAVAL,48.077911875,-0.79932592
LA HALLE MAYENNE,48.28593,-0.620988
LA HALLE AUX CHAUSSURES AZE CHÃTEAU GONTHIER,47.82805189,-0.68728291
LA HALLE VITRÃ,48.107378999999995,-1.218483
LA HALLE FOUGÃRES,48.34863785,-1.1934235
LA HALLE SABLÃ-SUR-SARTHE,47.83385737,-0.30613302
LA HALLE AUX CHAUSSURES VIRE,48.85630916,-0.87491315
LA HALLE AUX CHAUSSURES FLERS,48.72760943,-0.58096954
LA HALLE SAINT-LÃ - AGNEAUX,49.111491525,-1.13250668
LA HALLE CHAUSSURES ET MAROQUINERIE CAEN MONDEVILLE,49.1682265,-0.3105295
LA HALLE AUX CHAUSSURES CAEN COTE,49.20945543,-0.36764474
LA HALLE AUX CHAUSSURES ARGENTAN,48.75309141,-0.03446142
LA HALLE AVRANCHES,48.691715040000005,-1.3676526199999999
LA HALLE FLEURANCE,43.861999999999995,0.65906
LA HALLE CONDOM,43.95103,0.3701
LA HALLE AGEN,44.187275,0.6211175
LA HALLE CASTELSARRASIN,44.050349499999996,1.102881
LA HALLE AUCH,43.649739999999994,0.59475
LA HALLE AUX ADULTESMONTAUBAN,44.0189375,1.369055
LA HALLE COLOMIERS,43.611019,1.3317855
TOULOUSE BLAGNAC,43.649517149999994,1.37525075
LA HALLE BIAS - VILLENEUVE-SUR-LOT,44.403104,0.6770735
LA HALLE AUX CHAUSSURES FUMEL,44.48472,0.97462
La HALLE BERGERAC,44.835995,0.44819
LA HALLE VETEMENTS - CHAUSSURES TONNEINS,44.398995,0.29976349999999996
LA HALLE PINEUILH,44.82531,0.22353499999999998
LA HALLE MODE & ACCESSOIRES,44.87629,1.2139
LA HALLE AUX CHAUSSURES MARMANDE,44.51286,0.13233
LA HALLE ALBI,43.918955,2.1179699999999997
LA HALLE CARMAUX,44.052317,2.1601850000000002
LA HALLE AUX CHAUSSURES GAILLAC,43.89325,1.87981
LA HALLE LAVAUR,43.7025225,1.8106245
LA HALLE CAUSSADE,44.157997,1.542131
LA HALLE TOULOUSE - GRAMONT,43.632159,1.4847920000000001
LA HALLE TOULOUSE - SAINT-ALBAN,43.68558,1.40691
LA HALLE CAPDENAC,44.601574,2.0477455
LA HALLE VILLEFRANCHE-DE-ROUERGUE,44.355283,2.0174805
LA HALLE AURILLAC,44.90959,2.44527
LA HALLE RODEZ - SÃBAZAC-CONCOURÃS,44.399485,2.605
LA HALLE AUX CHAUSSURES RODEZ GEANT,44.37224,2.58674
LA HALLE CAHORS,44.46065,1.422405
LA HALLE LATOUR BAS ELNE,42.60665,2.99571
LA HALLE AUX CHAUSSURES PERPIGNAN MOULIN A VENT,42.68676,2.90561
LA HALLE AUX CHAUSSURES PERPIGNAN AUCHAN,42.678824,2.891975
LA HALLE RIVESALTES,42.773700000000005,2.910595
LA HALLE AUX CHAUSSURES AGDE,43.30615,3.49306
LA HALLE AUX ENFANTS BÃZIERS,43.347515,3.25694
LA HALLE AUX CHAUSSURES METZ AUGNY,43.3233003,3.0498354
LA HALLE NARBONNE,43.17164666666667,3.01498
LA HALLE ST JEAN DE VEDAS,43.57406666666666,3.846886666666667
LA HALLE AUX CHAUSSURES MONTPELLIER PEROLS,43.57665,3.93447
LA HALLE AUX CHAUSSURES MARTIGUES,43.42225,5.05393
LA HALLE AUX CHAUSSURES ISTRES,43.52274,4.96319
LA HALLE AUX CHAUSSURES MARSEILLE VITROLLES,43.449516666666675,5.248450000000001
LA HALLE AUX CHAUSSURES MARSEILLE ST FEREOL,43.296008,5.3789075
LA HALLE AUX CHAUSSURES MARSEILLE SORMIOU,43.23221,5.40143
LA HALLE AUX CHAUSSURES MARSEILLE BARNEOUD,43.417477,5.358329
LA HALLE AUX CHAUSSURES MARSEILLE VALENTINE 2,43.298514,5.476996
LA HALLE CHAUSSURES ET MAROQUINERIE MARSEILLE BARNEOUD,43.41939,5.47761
LA HALLE AUX CHAUSSURES MARSEILLE GARDANNE,43.46614,5.46363
LA HALLE AUX CHAUSSURES AUBAGNE,43.29751,5.59228
LA HALLE AUX CHAUSSURES La Ciotat,43.18992,5.60161
LA HALLE MILLAU,44.10960705,3.0747142
LA HALLE SAINT-CLÃMENT-DE-RIVIÃRE,43.649474999999995,3.8463
LA HALLE SAINT-AUNÃS,43.648775,3.97907
LA HALLE ET LA HALLE AUX ENFANTS ALES,44.119706666666666,4.09488
LA HALLE ST AFFRIQUE,43.95819,2.887126
LA HALLE AUX CHAUSSURES LUNEL,43.68429,4.15301
LA HALLE MENDE,44.516015499999995,3.4806749999999997
LA HALLE ST CHELY D APCHER,44.80404,3.26975
LA HALLE AUX CHAUSSURES AVIGNON MISTRAL 7,43.91995,4.86881
LA HALLE LES ANGLES,43.959995,4.743575
LA HALLE AUX CHAUSSURES CAVAILLON,43.82226,5.02181
LA HALLE AUX CHAUSSURES ORANGE,44.11835,4.84008
LA HALLE AUX CHAUSSURES TARASCON,43.79598,4.69049
LA HALLE AUX CHAUSSURES BEAUCAIRE,43.81512,4.61241
LA HALLE AUX CHAUSSURES AVIGNON LE PONTET,44.17555,4.61994
LA HALLE AUX CHAUSSURES BAGNOLS SUR CEZE,44.17708,4.61903
LA HALLE AUX CHAUSSURES VAISON,44.24777,5.09254
LA HALLE APT,43.886355,5.36996
LA HALLE AUX ENFANTS SALON-DE-PROVENCE,43.633624999999995,5.094785
LA HALLE ARLES,43.664985,4.635365
LA HALLE NÃMES,43.8322396,4.3834362
LA HALLE NÃMES,43.820413333333335,4.365266666666667
LA HALLE PERTUIS,43.680054999999996,5.503885
LA HALLE CREST,44.72169,5.03644
LA HALLE LORIOL-SUR-DRÃME,44.758269999999996,4.8335799999999995
LA HALLE AUX CHAUSSURES PRIVAS,44.75868,4.83366
LA HALLE AUX CHAUSSURES MONTELIMAR,44.53213,4.74304
LA HALLE SAINT-PÃRAY - VALENCE,44.942205,4.85938
LA HALLE VALENCE,44.95254666666667,4.932243333333333
LA HALLE BOLLÃNE,44.42527,4.743575
LA HALLE AUBENAS,44.61519,4.399585
LA HALLE AUX CHAUSSURES PERIGUEUX CHANCELADE,45.19942,0.6696
LA HALLE AUX CHAUSSURES PERIGUEUX TRELISSAC,45.18991,0.76113
LA HALLE AUX CHAUSSURES RIBERAC,45.25441,0.34765
LA HALLE SOYAUX,45.635909999999996,0.20919
LA HALLE TERRASSON,45.12902,1.3253
LA HALLE AUX CHAUSSURES ANGOULEME LA COURONNE,45.622273,0.108659
LA HALLE ANGOULÃME - CHAMPNIERS,45.688135,0.17972500000000002
LA HALLE MONTPON MENESTEROL,45.00659,0.14492
LA HALLE ST JUNIEN,45.897774999999996,0.9197500000000001
LA HALLE AUX CHAUSSURES LIMOGES LANDOUGE,45.83623,1.19566
LA HALLE DE LIMOGES,45.88964166666667,1.285877
LA HALLE LIMOGES - LE VIGEN,45.780825,1.308675
LA HALLE D'USSEL,45.536485,2.301125
LA HALLE TULLE,45.274585,1.773695
LA HALLE AUX CHAUSSURES BRIVE MALEMORT,45.16843,1.5594
LA HALLE BRIVE-LA-GAILLARDE,45.151095,1.4988700000000001
LA HALLE AUBUSSON,45.94892,2.173
LA HALLE AUX CHAUSSURES GUERET,46.16617,1.88743
MONTLUÃON,46.34853,2.602315
LA HALLE LA SOUTERRAINE,46.23373,1.48292
LA HALLE AUX CHAUSSURES CHAUVIGNY,46.55616,0.62431
La HALLE POITIERS 2,46.65133,0.365395
LA HALLE LE BLANC,46.6333,1.06318
LA HALLE AUX CHAUSSURES POITIERS ST BENOIT,46.56496,0.35968
LA HALLE POITIERS,46.54968,0.296725
LA HALLE AUX CHAUSSURES MONTMORILLON,46.43084,0.8872
La HALLE TOURS FUSAPARK,47.427257755,0.70402138
LA HALLE AUX CHAUSSURES TOURS ST CYR,47.42868789,0.65734317
LA HALLE CHAUSSURES ET MAROQUINERIE TOURS ST PIERRE,47.38771274,0.75066963
LA HALLE CHAMBRAY-LÃS-TOURS,47.3355756,0.70425445
LA HALLE VOUVRAY-SUR-LOIR,47.688184425,0.43064234
LA HALLE AUX CHAUSSURES LOCHES,47.11377423,1.00304444
LA HALLE CHINON,47.18155,0.266215
LA HALLE AUX CHAUSSURES VENDOME,47.79864939,1.04790968
LA HALLE AUX CHAUSSURES BLOIS CORA,47.61945649,1.2993245
LA HALLE SAINT-GERVAIS-LA-FORÃT - BLOIS,47.56640708,1.37062323
LA HALLE AUX CHAUSSURES ISSOUDUN,46.95712,2.00234
LA HALLE ST AMAND MONTROND,46.737134999999995,2.48874
LA HALLE AUX CHAUSSURES SAUMUR,46.73411,2.49116
LA HALLE CHÃTEAUROUX - SAINT-MAUR,46.77721,1.64336
LA HALLE BOURGES - SAINT-GERMAIN-DU-PUY,47.09777252,2.4586774350000002
LA HALLE AUX CHAUSSURES AUBIGNY,47.47986477,2.42587906
LA HALLE AUX CHAUSSURES VIERZON,47.23754306,2.09426556
LA HALLE ROMORANTIN-LANTHENAY,47.37551881,1.735831175
LA HALLE VETEMENTS â CHAUSSURES BONNEE,47.793559,2.379778
LA HALLE BOURGES - SAINT-DOULCHARD,47.11375294,2.3769197799999997
LA HALLE GIEN,47.70633,2.6397500000000003
LA HALLE VÃTEMENTS - CHAUSSURES TAVERS,47.7677665,1.614455
LA HALLE AUX CHAUSSURES BRIOUDE,45.30694,3.37463
LA HALLE AMBERT,45.541565,3.72767
LA HALLE AUX CHAUSSURES ISSOIRE,45.5524,3.26467
LA HALLE LE PUY-EN-VELAY,45.04209,3.88285
LA HALLE AUX CHAUSSURES PUY EN VELAY,45.05039,3.91387
LA HALLE SAINT-FLOUR,45.038495,3.06039
LA HALLE MONISTROL / LOIRE,45.28802,4.16162
LA HALLE VICHY,46.142975,3.4162749999999997
LA HALLE AUX CHAUSSURES THIERS,45.83638,3.50861
LA HALLE GANNAT,46.07896,3.20102
LA HALLE VARENNES SUR ALLIER,46.31763,3.39649
LA HALLE MALAUZAT,45.8876,3.06783
LA HALLE AUX CHAUSSURES CLERMONT LEMPDES,45.77725,3.196027
LA HALLE ROANNE,46.045040300000004,4.064360233333333
LA HALLE CLERMONT-FERRAND,45.781060000000004,3.12228
LA HALLE AUX CHAUSSURES LE COTEAU,46.01356,4.09626
LA HALLE SALAISE-SUR-SANNE,45.34395,4.8051200000000005
LA HALLE AUX CHAUSSURES VIENNE,45.525595,4.875532
LA HALLE AUX CHAUSSURES ANNONAY,45.255342,4.691524
LA HALLE ANNONAY,45.24401,4.66858
La HALLE GIVORS FEMMES,45.582096666666665,4.743476666666667
LA HALLE ST JEAN DE MUZOLS,45.07724,4.81699
LA HALLE AUX CHAUSSURES ST CHAMOND,45.478282,4.512236
LA HALLE AUX CHAUSSURES ROMANS SUR ISERE,45.05769,5.09709
LA HALLE AUX CHAUSSURES LYON MIONS,45.67594,4.97004
LA HALLE CHATTE,45.1429,5.3036200000000004
LA HALLE L'ISLE-D'ABEAU,45.612840000000006,5.234325
LA HALLE AUX CHAUSSURES LYON BRIGNAIS,45.67961,4.77408
LA HALLE AUX CHAUSSURES BOURGOIN,45.59756,5.26666
LA HALLE AUX CHAUSSURES LYON VENISSIEUX,45.700027,4.883183
LA HALLE AUX CHAUSSURES LYON PIERRE BENITE,45.69656,4.82561
CHAUSSLAND ST ETIENNE CENTRE 2,45.423252,4.391564
LA HALLE AUX CHAUSSURES ST ETIENNE RICAMARIE,45.41486,4.37261
LA HALLE ST JEAN DE SOUDAIN,45.568075,5.4214199999999995
LA HALLE AUX CHAUSSURES TULLINS,45.294802,5.506338
LA HALLE VILLARS,45.4749832,4.3507583
LA HALLE AUX CHAUSSURES ST ETIENNE FIRMINY,45.37999,4.27559
LA HALLE VOIRON,45.38426,5.578950000000001
LA HALLE DECIZE,46.83687,3.47551
LA HALLE YZEURE - MOULINS,46.541475000000005,3.344495
LA HALLE NEVERS -MARZY,46.998055,3.1042199999999998
LA HALLE AUX CHAUSSURES PARAY LE MONIAL,46.46838,4.12055
LA HALLE AUX CHAUSSURES AVALLON,47.49599,3.90803
LA HALLE AUX CHAUSSURES COSNE SUR LOIRE,47.38372,2.91522
LA HALLE (FEMME) CHALON-SUR-SAÃNE,46.771436666666666,4.861423333333334
LA HALLE AUX CHAUSSURES CHALON GEANT,46.79399,4.83084
LA HALLE TOURNUS,46.56428,4.9026
LA HALLE BEAUNE,47.037945,4.843635000000001
LA HALLE AUX CHAUSSURES TORCY LE CREUSOT,46.79284,4.44618
LA HALLE MONTCEAU-LES-MINES,46.68092,4.364855
LA HALLE MONTMOROT - LONS-LE-LAUNIER,46.672223333333335,5.530410000000001
LA HALLE DOLE,47.088281,5.480446
LA HALLE  CHAUSSURES & MAROQUINERIE DIJON TOISON D'OR,47.3400645,5.043084
LA HALLE AUX CHAUSSURES DIJON CHENOVE,47.2823,5.01828
LA HALLE AUX CHAUSSURES DIJON QUETIGNY,47.31196,5.09994
LA HALLE SEMUR EN AUXOIS,47.4824,4.34958
LA HALLE MONTBARD,47.62167,4.35382
LA HALLE GRAY,47.43594,5.60225
LA HALLE AUX CHAUSSURES DOLE INTERMARCHE,47.10944,5.50708
LA HALLE AUX CHAUSSURES LA FERTE BERNARD,48.17932949,0.65910995
LA HALLE NOGENT LE ROTROU,48.32965,0.80294
LA HALLE AUX CHAUSSURES LE MANS ST AUBIN,48.04223282,0.17104544
LA HALLE AUX CHAUSSURES LE MANS CARREFOUR,47.97518449,0.21705721
LA HALLE RUAUDIN,47.94335335,0.238505315
LA HALLE AUX CHAUSSURES CHATEAUDUN ST DENIS LES PONTS,48.06905258,1.30159512
LA HALLE AUX CHAUSSURES LE MANS ALLONNES,47.97499382,0.15274624
LA HALLE AUX CHAUSSURES ALENCON ARCONNAY,48.40592878,0.08704826
LA HALLE AUX CHAUSSURES ALENCON CONDE,48.4344367,0.0641803
LA HALLE AUX CHAUSSURES BERNAY,49.07126167,0.57813913
LA HALLE ÃVREUX,49.0194865,1.1610305
LA HALLE AUX CHAUSSURES LISIEUX,49.1447934,0.26889579
LA HALLE DREUX NORD,48.7505,1.351585
LA HALLE AUX CHAUSSURES DREUX VERNOUILLET,48.71775,1.37038
LA HALLE PITHIVIERS,48.188739999999996,2.24598
LA HALLE ORLÃANS - SARAN,47.963878533333336,1.8865462066666667
LA HALLE AUX CHAUSSURES ETAMPES,48.44213,2.14412
LA HALLE ORLÃANS,47.87586,1.9112
LA HALLE AUX CHAUSSURES ORLEANS OLIVET,47.84305937,1.91408199
LA HALLE ITTEVILLE,48.500875,2.3508950000000004
LA HALLE NEMOURS,48.255756250000005,2.7021174
LA HALLE MODE ET ACCESSOIRES,47.97412,2.73266
LA HALLE AUX CHAUSSURES CHARTRES CARREFOUR,48.44831,1.51819
LA HALLE ET LA HALLE AUX ENFANTS BARJOUVILLE,48.41541,1.47504
LA HALLE AUX CHAUSSURES VULAINES,48.43909,2.75483
LA HALLE YVETOT,49.615103,0.7683940000000001
LA HALLE AUX CHAUSSURES GRUCHET LE VALASSE,49.549938,0.491859
LA HALLE AUX CHAUSSURES ROUEN BARENTIN HV,49.532455,0.9684699999999999
LA HALLE AUX CHAUSSURES ROUEN DEVILLE,49.471411,1.046613
LA HALLE PONT-AUDEMER,49.3485165,0.542446
LA HALLE AUX CHAUSSURES ROUEN GRAND QUEVILLY,49.417865,1.047352
LA HALLE FÃCAMP,49.752299,0.393233
LA HALLE LE PETIT-QUEVILLY,49.4225275,1.0593175000000001
LA HALLE AUX CHAUSSURES ROUEN ST MARC,49.438326,1.100942
LA HALLE AUX CHAUSSURES LE HAVRE HARFLEUR,49.52553968,0.18855174
LA HALLE AUX CHAUSSURES ROUEN FRANQUEVILLE,49.404187,1.154508
LA HALLE HONFLEUR,49.4197,0.23178
LA HALLE TOURVILLE-LA-RIVIÃRE,49.328051322499995,1.1014134249999998
LA HALLE SAINT-PIERRE-LÃS-ELBEUF,49.28892,1.03922
LA HALLE AUX CHAUSSURES LE HAVRE CENTRE VILLE,49.491276,0.11794349999999999
LA HALLE DIEPPE,49.90777,1.07845
LA HALLE AUX CHAUSSURES DEAUVILLE,49.34675734,0.09867456
LA HALLE AUX CHAUSSURES DIEPPE,49.922992,1.077483
LA HALLE AUX CHAUSSURES MERS LES BAINS,50.066878,1.396677
LA HALLE AUX CHAUSSURES BEAUVAIS TILLE,49.43184,2.106
LA HALLE LA FERRIERES EN BRAY,49.47971149999999,1.7317175
LA HALLE AMIENS,49.87014,2.28108
LA HALLE CHAUSSURES ET MAROQUINERIE AMIENS VALLEE DES VIGNES,49.87014,2.28162
LA HALLE MONTDIDIER,49.64695,2.59078
LA HALLE AUX CHAUSSURES RANTIGNY,49.31914,2.43587
LA HALLE LONGUEAU,49.86922,2.37155
LA HALLE AUX CHAUSSURES MERU,49.21937,2.14021
LA HALLE GISORS,49.278403,1.767973
LA HALLE AUX CHAUSSURES NOGENT SUR OISE,49.26917,2.48345
LA HALLE CREIL - SAINT-MAXIMIN,49.23529,2.4657725
LA HALLE ROYE,49.70581,2.77543
LA HALLE VENETTE - COMPIÃGNE,49.407075,2.782565
LA HALLE NEUFCHATEL EN BRAY,49.7349955,1.4372755000000002
LA HALLE DOULLENS,50.16039,2.33938
LA HALLE ABBEVILLE,50.102125,1.85287
LA HALLE VETEMENTS - CHAUSSURES BERCK SUR MER,50.4071935,1.6006005
LA HALLE ET LA HALLE AUX ENFANTS AMIENS,49.92421,2.30112
LA HALLE AUX CHAUSSURES BRUAY LA BUISSIERE,50.49444145,2.57560675
LA HALLE AUX CHAUSSURES ARRAS DAINVILLE,50.292410000000004,2.73918
LA HALLE FOUQUIÃRES-LÃS-BÃTHUNE,50.51567785,2.6235857
LA HALLE AUX CHAUSSURES LIEVIN,50.42768,2.79087
LA HALLE AUX CHAUSSURES AUCHY,50.52028,2.79348
LA HALLE AUX CHAUSSURES SENS CARREFOUR,48.188055750000004,3.2752315000000003
LA HALLE AUX CHAUSSURES JOIGNY,47.97856,3.37905
LA HALLE AUX CHAUSSURES AUXERRE MONETO,47.84553,3.55147
LA HALLE AUX CHAUSSURES AUXERRE CLAIRIONS,47.81372,3.57175
LA HALLE AUX CHAUSSURES TROYES LA CHAPELLE,48.30466,4.0254
LA HALLE AUX CHAUSSURES TROYES ST ANDRE,48.28143,4.05183
LA HALLE ROMILLY 2,48.503895,3.760065
LA HALLE AUX CHAUSSURES MONTEREAU,48.37628,2.95495
LA HALLE TROYES - SAINT-PARRES-AUX-TERTRES,48.29616,4.130750000000001
LA HALLE TONNERRE,47.85171,3.98912
LA HALLE CHÃTEAU-THIERRY - ESSOMES-SUR-MARNE,49.03484,3.3797800000000002
LA HALLE AUX CHAUSSURES LA FERTE SOUS JOUARRE,48.94608,3.11045
LA HALLE COULOMMIERS,48.80215,3.091705
LA HALLE AUX CHAUSSURES EPERNAY,49.024774,3.945749
LA HALLE CHAUSSURES & MAROQUINERIE PROVINS,48.55185,3.29718 
LA HALLE NANTEUIL-LÃS-MEAUX,48.9475675,2.8980775
LA HALLE AUX CHAUSSURES REIMS CORMONTREUIL,49.21415,4.04853
LA HALLE AUX CHAUSSURES BAR SUR AUBE,48.22775,4.71512
LA HALLE CHAUMONT,48.123355000000004,5.147935
LA HALLE LANGRES,47.84362633333333,5.331287
LA HALLE AUX CHAUSSURES STE MENEHOULD,49.090271,4.901784
LA HALLE SAINT-DIZIER,48.625330500000004,4.966949
LA HALLE AUX CHAUSSURES VITRY LE FRANCOIS,48.730903,4.602714
LA HALLE SAINT-MEMMIE - CHALON-EN-CHAMPAGNE,48.9447455,4.387403000000001
LA HALLE VERDUN,49.14581,5.409675
LA HALLE COMMERCY,48.7537515,5.588807
LA HALLE LAON - CHAMBRY,49.58598,3.65069
LA HALLE AUX CHAUSSURES VIRY NOUREUIL,49.64346,3.26052
LA HALLE AUX CHAUSSURES SOISSONS,49.36207,3.32003
LA HALLE AUX CHAUSSURES ST QUENTIN AUCHAN,49.85807,3.24969
LA HALLE AUX CHAUSSURES GUISE,49.90506,3.64627
LA HALLE AUX CHAUSSURES NOYON,49.57046,2.97493
LA HALLE VILLERS-COTTERÃTS,49.238945,3.099885
LA HALLE REIMS,49.28907,4.0264
LA HALLE AUX CHAUSSURES LE QUESNOY,50.26025,3.63063
LA HALLE DENAIN,50.326319999999996,3.382895
LA HALLE VALENCIENNES - RAISMES,50.385594499999996,3.4858374999999997
LA HALLE CAUDRY,50.127655000000004,3.42682
LA HALLE CAMBRAI - PROVILLE,50.149375,3.217595
LA HALLE VETEMENTS - CHAUSSURES ORCHIES,50.475424,3.242855
LA HALLE AUX CHAUSSURES LOUVROIL,50.25361,3.93606
LA HALLE AUX CHAUSSURES MAUBEUGE,50.27527,3.96738
LA HALLE DOUAI,50.35826874999999,3.0990467500000003
LA HALLE AUX CHAUSSURES DOUAI VILLE,50.37833,3.08016
LA HALLE AUX CHAUSSURES AVESNES,50.11735,3.9366
LA HALLE AUX CHAUSSURES DOUAI FLERS,50.39949,3.04907
LA HALLE AUX CHAUSSURES NOYELLES GODAULT,50.41191,2.98122
LA HALLE AUX CHAUSSURES COURRIERES,50.44342,2.94605
LA HALLE AUX CHAUSSURES LILLE SECLIN,50.54871,3.05229
LA HALLE FOURMIES,50.024265,4.03453
LA HALLE AUX CHAUSSURES VILLENEUVE D'ASCQ V2,50.61833,3.12542
LA HALLE AUX CHAUSSURES LENS 2,50.46177,2.82315
LA HALLE AUX CHAUSSURES SEDAN,49.69961,4.924717
LA HALLE VILLERS-SEMEUSE - CHARLEVILLE-MÃZIÃRES,49.731915,4.75196
LA HALLE AUX CHAUSSURES STENAY,49.481833,5.204667
LA HALLE REVIN,49.93738,4.64032
LA HALLE AUX CHAUSSURES SAINT JEAN DE MAURIENNE,45.26881,6.36826
LA HALLE PONTCHARRA,45.43694,6.00864
LA HALLE ALBERTVILLE - GILLY-SUR-ISÃRE,45.6556,6.36187
LA HALLE SAINT-ALBAN-LEYSSE - CHAMBÃRY,45.57283,5.9523
LA HALLE CHAMBÃRY,45.58874666666667,5.911993333333334
LA HALLE BOURG-SAINT-MAURICE,45.623065,6.77656
LA HALLE SAINT-MARTIN-D'HÃRES,45.184664999999995,5.770405
LA HALLE AUX CHAUSSURES GRENOBLE CV,45.189803,5.726206
LA HALLE AUX CHAUSSURES AIX LES BAINS,45.69518,5.90568
LA HALLE GRENOBLE - SAINT-ÃGRÃVE,45.239000000000004,5.669315
LA HALLE ÃCHIROLLES,45.15107333333333,5.700123333333333
LA HALLE AUX CHAUSSURES ANNEMASSE CRANVES,46.18323,6.27965
LA HALLE AUX CHAUSSURES ANNEMASSE GAILLARD,46.18017,6.2162
LA HALLE ANNEMASSE,46.194919999999996,6.2544450000000005
LA HALLE CHAUSSURES & MAROQUINERIE,46.0661822,6.5504112495
LA HALLE AUX CHAUSSURES ANNECY EPAGNY,45.93685,6.07717
LA HALLE AUX CHAUSSURES ANNECY CRAN GEVRIER,45.907888,6.110659
LA HALLE AUX CHAUSSURES THOIRY,46.22586,5.99043
LA HALLE AUX CHAUSSURES SEGNY,46.29372,6.07586
LA HALLE ANTHY-SUR-LÃMAN - THONON,46.350984999999994,6.43552
LA HALLE RUMILLY,45.85638,5.95036
LA HALLE AUX CHAUSSURES AMPHION,46.38888,6.52353
LA HALLE AUX CHAUSSURES ST CLAUDE,46.38052,5.83466
LA HALLE AUX CHAUSSURES OYONNAX,46.28436,5.66475
LA HALLE AUX CHAUSSURES BELLEY,45.75896,5.70236
LA HALLE (FEMME) DOUBS,46.91727666666666,6.3413200000000005
LA HALLE BAUME LES DAMES,47.35272,6.35189
LA HALLE AUX CHAUSSURES BAUME LES DAMES,47.35261,6.35236
LA HALLE VESOUL,47.626360000000005,6.1703
LA HALLE LURE,47.682680000000005,6.514844999999999
LA HALLE BESANÃON - CHALEZEULE,47.263414999999995,6.057685
LA HALLE BESANÃON - ÃCOLE-VALENTIN,47.28114,5.99256
LA HALLE VALDAHON,47.14694,6.33539
LA HALLE AUX CHAUSSURES HERICOURT,47.5817,6.77355
LA HALLE MONTBELIARD,47.5036765,6.804863
LA HALLE AUX CHAUSSURES AUDINCOURT,47.48457,6.84437
LA HALLE AUX ENFANTS BESANÃON,47.218055,5.952375
LA HALLE ANDELNANS,47.604965,6.860075
LA HALLE BELFORT - BESSONCOURT,47.642700000000005,6.91919
LA HALLE AUX CHAUSSURES LEPUIX GY,47.75186,6.81992
LA HALLE AUX CHAUSSURES SAINT LOUIS ROND POINT,47.60629,7.54175
LA HALLE ALTKIRCH,47.6249351,7.2421704
LA HALLE AUX CHAUSSURES MULHOUSE ILLZACH,47.77297,7.38646
LA HALLE AUX CHAUSSURES MULHOUSE DORNACH,47.73845,7.29042
LA HALLE KINGERSHEIM,47.78955095,7.31681505
LA HALLE CERNAY,47.79476095,7.1678637
LA HALLE ÃPINAL,48.198274999999995,6.46793
LA HALLE CHARMES,48.3590255,6.303986999999999
LA HALLE SAINT ETIENNE LES REMIREMONT,48.01683,6.61705
LA HALLE AUX CHAUSSURES CONTREXEVILLE LECLERC,48.18743,5.88347
LA HALLE AUX CHAUSSURES RUPT SUR MOSELLE,47.94021,6.63858
LA HALLE AUX CHAUSSURES GERARDMER,48.07152,6.87443
LA HALLE AUX CHAUSSURES SAINT DIE LECLERC,48.284085000000005,6.951560000000001
LA HALLE NEUFCHATEAU,48.37105,5.70932
LA HALLE AUX CHAUSSURES NANCY ESSEY,48.705521,6.24854
LA HALLE AUX CHAUSSURES NANCY FROUARD,48.741259,6.149978
LA HALLE VETEMENTS - CHAUSSURES PONT A MOUSSON,48.902206,6.052068
LA HALLE - CHAUSSURES & MAROQUINERIE NANCY ST JEAN,48.6899445,6.179855599
LA HALLE AUX CHAUSSURES NANCY VILLERS,48.672778,6.153936
LA HALLE AUX CHAUSSURES NANCY HOUDEMONT,48.64443,6.18451
LA HALLE DOMBASLE-SUR-MEURTHE,48.6098225,6.350849
LA HALLE AUX CHAUSSURES LUNEVILLE,48.586668,6.510152
LA HALLE BOULAY,49.17791,6.49503
LA HALLE AUX CHAUSSURES ST AVOLD,49.110386,6.682638
LA HALLE AUX CHAUSSURES METZ SEMECOURT,49.18805,6.14493
LA HALLE AUX CHAUSSURES TOUL INTERMARCHE,48.6750065,5.8902235
LA HALLE SAINT-AVOLD,49.11757,6.7096
LA HALLE AUX CHAUSSURES JARNISY,49.16304,5.83929
LA HALLE AUX CHAUSSURES FORBACH,49.178043,6.885938
LA HALLE SÃLESTAT,48.279983349999995,7.46395985
LA HALLE COLMAR - HOUSSEN,48.12758065,7.3624516
LA HALLE AUX CHAUSSURES COLMAR OUEST,48.08492,7.31079
LA HALLE AUX CHAUSSURES OBERNAI,48.46832,7.49465
LA HALLE ISSENHEIM,47.9028179,7.2424228500000005
LA HALLE SCHWEIGHOUSE-SUR-MODER,48.82616625,7.738550249999999
HAGUENAU,48.8106151,7.81517235
LA HALLE VENDENHEIM,48.66829335,7.7097462
LA HALLE AUX CHAUSSURES WISSEMBOURG,49.02746,7.94574
LA HALLE AUX CHAUSSURES STRASBOURG SCHILTIGHEIM,48.609665,7.733887
LA HALLE AUX CHAUSSURES BITCHE,49.044961,7.427114
LA HALLE SAVERNE - OTTERSWILLER,48.727192,7.3765815
LA HALLE AUX CHAUSSURES STRASBOURG HAUTE PIERRE,48.5913373,7.693636299
LA HALLE AUX CHAUSSURES STRASBOURG KLEBER,48.583129,7.7463
LA HALLE STRASBOURG - GEISPOLSHEIM,48.5206316,7.66932315
LA HALLE MOLSHEIM,48.523559500000005,7.494118
LA HALLE AUX CHAUSSURES SARREBOURG,48.74345,7.08251
LA HALLE SARREGUEMINES,49.1141285,7.094257499999999
LA HALLE L'ARBRESLE,45.825604999999996,4.6075
LA HALLE AUX CHAUSSURES TARARE,45.89266,4.43992
LA HALLE AUX CHAUSSURES LYON CIVRIEUX,45.85637,4.70422
LA HALLE AUX CHAUSSURES LYON LIMONEST,45.80829,4.77969
LA HALLE VILLEFRANCHE S/SAONE,45.98863,4.73775
LA HALLE LIMONEST,45.803200000000004,4.78246
LA HALLE CRAPONNE,45.74669,4.74225
LA HALLE AUX CHAUSSURES LYON TASSIN,45.75228,4.77105
LA HALLE AUX CHAUSSURES LYON CROIX ROUSSE,45.78014,4.832453
LA HALLE AUX CHAUSSURES LYON SAXE,45.755887,4.846745
LA HALLE AUX CHAUSSURES LYON NEY,45.764209,4.856098
LA HALLE RILLIEUX-LA-PAPE,45.815650000000005,4.889135
LA HALLE AUX CHAUSSURES LYON OULLINS,45.714258,4.806848
LA HALLE AUX CHAUSSURES LYON VILLEURBANNE,45.766785,4.878839
LA HALLE AUX CHAUSSURES LYON NICOLAS,45.74080233333333,4.873323
LA HALLE AUX CHAUSSURES FEURS,45.72377,4.22543
LYON BRON,45.72366736666667,4.913325033333334
LA HALLE AUX CHAUSSURES MACON CRECHES,46.2504,4.79363
LA HALLE CHAINTRÃ - MACON,46.25427,4.7934
LA HALLE BELLEVILLE,46.10945,4.73379
LA HALLE AUX CHAUSSURES MACON SANCE,46.33351,4.84426
LA HALLE AUX CHAUSSURES AMBERIEU,45.97275,5.3361
LA HALLE TIGNIEU,45.749044999999995,5.178694999999999
LA HALLE BEYNOST,45.8325745,5.00156035
LA HALLE MEYZIEU,45.767125,4.989895000000001
LA HALLE CHAUSSURES ET MAROQUINERIE LYON ST PRIEST LYON,45.71272,4.9675
LA HALLE AUX CHAUSSURES LYON BRON,45.7258711,4.9291861
LA HALLE AUX CHAUSSURES BOURG EN BRESSE GEANT,46.20865,5.23559
LA HALLE VIRIAT,46.220255,5.20759
LA HALLE RAMBOUILLET,48.6449,1.84677
LA HALLE AUX CHAUSSURES LA QUEUE LES YVELINES,48.803542,1.780419
LA HALLE MAUREPAS,48.75924333333333,1.9201533333333334
LA HALLE PLAISIR,48.828935,1.965415
LA HALLE AUX CHAUSSURES GIF SUR YVETTE,48.701437,2.106473
LA HALLE AUX CHAUSSURES SAUSSAY,48.85979,1.42461
LA HALLE MANTES - BUCHELAY,48.9861825,1.678146
LA HALLE AUBERGENVILLE,48.96377,1.8565
LA HALLE PUISEUX-PONTOISE,49.05524,2.01834
LA HALLE ORGEVAL,48.9291,1.98197
LA HALLE VERNON,49.101445,1.45559
LA HALLE AUX CHAUSSURES OSNY,49.07666,2.07673
LA HALLE AUX CHAUSSURES ACHERES,48.963096,2.057941
LA HALLE AUX CHAUSSURES CONFLANS ST HONORINE,48.992409,2.091671
LA HALLE MODE & ACCESSOIRES ERAGNY,49.024555,2.100785
LA HALLE AUX CHAUSSURES Chambourcy,48.906272,2.040137
LA HALLE AUX CHAUSSURES BRETIGNY,48.58712,2.29943
LA HALLE SAINTE-GENEVIEVE,48.62302,2.34812
LA HALLE AUX CHAUSSURES CORBEIL,48.59846,2.4483550000000003
LA HALLE AUX CHAUSSURES MENNECY,48.56534,2.44759
LA HALLE AUX CHAUSSURES CLAMART,48.800055,2.263877
LA HALLE FRESNES,48.75506,2.330225
LA HALLE AUX CHAUSSURES CHATILLON,48.822346,2.314087
LA HALLE AUX CHAUSSURES ISSY LES MOULINEAUX,48.827846,2.280754
LA HALLE AUX CHAUSSURES PARIS LECLERC CLD,48.829421,2.32849
LA HALLE AUX CHAUSSURES KREMLIN BICETRE,48.811647,2.361639
LA HALLE AUX CHAUSSURES BOULOGNE BILLANCOURT,48.831776,2.237408
LA HALLE CHAUSSURES ET ACCESSOIRES THIAIS BELLE EPINE,48.756424,2.371292
LA HALLE CHAUSSURES & MAROQUINERIE PARIS SAINT CHARLES,48.8470884,2.286028699
LA HALLE AUX CHAUSSURES CHAVILLE,48.81526,2.193326
LA HALLE AUX CHAUSSURES PARIS GOBELINS,48.835718,2.352774
LA HALLE AUX CHAUSSURES IVRY SUR SEINE,48.811945,2.384667
LA HALLE VILLEBON-SUR-YVETTE,48.702974999999995,2.255865
LA HALLE MORANGIS,48.702383999999995,2.3393835000000003
LA HALLE AUX CHAUSSURES VITRY SUR SEINE LECLERC,48.79414,2.4173
LA HALLE AUX CHAUSSURES PARIS ST ANTOINE,48.851632,2.374398
LA HALLE AUX CHAUSSURES PARIS HORLOGE,48.86235,2.352141
LA HALLE CHAUSSURE&MAROQUINERIE-VERSAILLES CV,48.809645,2.133877
LA HALLE AUX CHAUSSURES CRETEIL HOMME / ENFANT,48.77473,2.4432
LA HALLE AUX CHAUSSURES PARIS AVRON,48.85334,2.410088
LA HALLE AUX CHAUSSURES VIGNEUX,48.717718,2.43858
LA HALLE AUX CHAUSSURES MELUN,48.55516,2.63611
LA HALLE AUX CHAUSSURES QUINCY SOUS SENART,48.68325,2.53622
LA HALLE AUX CHAUSSURES PONTAULT COMBAULT,48.77873,2.60584
LA HALLE LA QUEUE-EN-BRIE - ORMESSON,48.792715,2.559045
CHAUSSLAND CHENNEVIERES,48.79568,2.55875
LA HALLE LOGNES,48.833020000000005,2.639735
LA HALLE AUX CHAUSSURES NOISY LE GRAND,48.83452,2.56662
LA HALLE AUX CHAUSSURES CHAMPIGNY,48.81722,2.53161
LA HALLE BRIE-COMTE-ROBERT,48.701925,2.602235
LA HALLE AUX CHAUSSURES TOURNAN,48.73935,2.7746
LAHALLE BONNEUIL,48.766239999999996,2.488475
LA HALLE NEUILLY-SUR-MARNE,48.86245666666667,2.53491
LA HALLE AUX CHAUSSURES MARNE LA VALLEE,48.85667,2.75313
LA HALLE AUX CHAUSSURES L'ISLE ADAM,49.143787,2.284819
LA HALLE CHAMBLY,49.153855,2.25429
LA HALLE AUX CHAUSSURES CLAYE SOUILLY,48.95033,2.66703
LA HALLE AUX CHAUSSURES LIVRY GARGAN,48.9262,2.54882
CHAUSSLAND CHELLES,48.878372,2.61032
LA HALLE AUX CHAUSSURES AULNAY SOUS BOIS,48.92899,2.50924
LA HALLE BONDY,48.90472333333333,2.4764200000000005
LA HALLE LA CHAPELLE-EN-SERVAL,49.121225,2.532625
LA HALLE LE PLESSIS BELLEVILLE,49.09915,2.751035
LA HALLE AUX CHAUSSURES HOUILLES,48.926916,2.18888
LA HALLE AUX CHAUSSURES NANTERRE,48.88961,2.21951
LA HALLE AUX CHAUSSURES RUEIL,48.882276,2.187096
LA HALLE AUX CHAUSSURES MONTESSON,48.918409,2.153377
LA HALLE AUX CHAUSSURES SARTROUVILLE,48.94974,2.20337
LA HALLE AUX CHAUSSURES PUTEAUX,48.881333,2.237357
LA HALLE AUX CHAUSSURES ARGENTEUIL,48.943811,2.251167
LA HALLE AUX CHAUSSURES MESNIL LE ROI,48.924525,2.118611
LA HALLE HERBLAY,49.00132,2.184787666666667
LA HALLE AUX CHAUSSURES HERBLAY,49.00379,2.17688
LA HALLE CHAUSSURES ET MAROQUINERIE TAVERNY,49.025663,2.221747
LA HALLE AUX CHAUSSURES ST GRATIEN,48.965778,2.281405
LA HALLE AUX CHAUSSURES PANTIN,48.90263,2.393319
LA HALLE PARIS FLANDRE,48.88186066666666,2.3810993333333332
LA HALLE AUX CHAUSSURES ST OUEN,48.907458,2.332109
LA HALLE CHAUSSURES ET MAROQUINERIE PARIS STALINGRAD,48.883637,2.368604
LA HALLE AUX CHAUSSURES BOBIGNY,48.91782,2.41535
LA HALLE AUX CHAUSSURES PARIS ROCHECHOUART,48.885698500000004,2.3482135
LA HALLE AUX CHAUSSURES PARIS CLICHY,48.885927,2.326305
LA HALLE AUX CHAUSSURES PRE ST GERVAIS,48.879177,2.411799
LA HALLE AUX CHAUSSURES PARIS TIMBAUD,48.86892,2.380451
LA HALLE AUX CHAUSSURES PARIS POISSONNIERE,48.870961,2.347367
LA HALLE CHAUSSURES ET MAROQUINERIE ROMAINVILLE,48.88477,2.431713
LA HALLE AUX CHAUSSURES GENNEVILLIERS CARREFOUR,48.9291865,2.3043785
LA HALLE AUX CHAUSSURES ASNIERES CV CLD,48.90843,2.285229
LEVALLOIS CV,48.8912263,2.2901653
LA HALLE AUX CHAUSSURES BLANC MESNIL,48.93698,2.458835
LA HALLE AUX CHAUSSURES ST BRICE SOUS FORET,49.00651,2.3523
LA HALLE AUX CHAUSSURES SARCELLES,48.983306,2.371164
